Rk,Player,From,To,Yrs,Lg,GP,G,A,PTS,+/-,PIM,EV,PP,SH,GW,EV,PP,SH,S,S%,TOI,ATOI
1,Bruce Affleck\afflebr01,1975,1979,5,NHL,274,14,65,79,-81,86,10,4,0,2,48,14,3,363,3.9,,
2,Kenny Agostino\agostke01,2017,2017,1,NHL,7,1,2,3,0,2,1,0,0,0,1,1,0,17,5.9,89,12:47
3,Glenn Anderson*\andergl01,1995,1996,2,NHL,51,14,16,30,-2,43,12,2,0,3,13,3,0,89,15.7,,
4,Perry Anderson\anderpe01,1982,1985,4,NHL,144,22,18,40,-14,355,22,0,0,2,18,0,0,168,13.1,,
5,Ron Anderson\anderro01,1970,1970,1,NHL,59,9,9,18,9,36,8,1,0,0,8,1,0,107,8.4,,
6,Lou Angotti\angotlo01,1974,1974,1,NHL,51,12,23,35,-3,9,11,1,0,5,21,2,0,84,14.3,,
7,Al Arbour*\arboual01,1968,1971,4,NHL,231,2,21,23,27,191,1,1,0,1,18,1,2,97,2.1,,
8,John Arbour\arboujo01,1971,1972,2,NHL,70,1,6,7,-4,91,1,0,0,0,6,0,0,71,1.4,,
9,Derek Armstrong\armstde01,2010,2010,1,NHL,6,0,0,0,-2,2,0,0,0,0,0,0,0,6,0,42,6:59
10,Jason Arnott\arnotja01,2012,2012,1,NHL,72,17,17,34,13,26,11,6,0,3,9,8,0,142,12,1014,14:05
11,Blair Atcheynum\atchebl01,1998,1999,2,NHL,73,13,17,30,7,12,12,0,1,4,15,0,2,126,10.3,188,15:38
12,Ron Attwell\attwero01,1968,1968,1,NHL,18,1,7,8,-10,6,1,0,0,0,5,2,0,31,3.2,,
13,Keith Aucoin\aucoike01,2014,2014,1,NHL,2,0,0,0,-3,0,0,0,0,0,0,0,0,1,0,27,13:19
14,Don Awrey\awreydo01,1974,1975,2,NHL,95,5,24,29,-14,55,4,1,0,0,20,3,1,111,4.5,,
15,Mitch Babin\babinmi01,1976,1976,1,NHL,8,0,0,0,-2,0,0,0,0,0,0,0,0,2,0,,
16,Wayne Babych\babycwa01,1979,1984,6,NHL,396,155,190,345,-18,384,111,44,0,15,145,45,0,1067,14.5,,
17,David Backes\backeda01,2007,2016,10,NHL,727,206,254,460,65,969,144,58,4,26,196,53,5,1650,12.5,13264,18:15
18,Christian Backman\backmch01,2003,2008,5,NHL,228,19,45,64,-6,130,14,5,0,1,30,15,0,276,6.9,4840,21:14
19,Ace Bailey\bailega01,1974,1975,2,NHL,71,22,29,51,-4,133,22,0,0,1,20,9,0,144,15.3,,
20,Bill Baker\bakerbi01,1982,1982,1,NHL,35,3,5,8,-7,50,3,0,0,0,5,0,0,44,6.8,,
21,Ivan Barbashev\barbaiv01,2017,2019,3,NHL,143,20,23,43,-4,15,18,0,2,2,23,0,0,105,19,1687,11:48
22,Murray Baron\baronmu01,1992,2004,7,NHL,409,13,40,53,-20,631,13,0,0,1,38,0,2,348,3.7,1538,19:14
23,Normand Baron\baronno01,1986,1986,1,NHL,23,2,0,2,-6,39,2,0,0,0,0,0,0,13,15.4,,
24,Dave Barr\barrda01,1984,1987,4,NHL,150,29,56,85,15,102,27,2,0,3,48,8,0,185,15.7,,
25,Lubos Bartecko\bartelu01,1999,2001,3,NHL,149,26,42,68,27,69,23,3,0,7,35,7,0,163,16,1852,12:26
26,Bob Bassen\bassebo01,1991,2000,5,NHL,284,35,63,98,12,483,31,0,4,2,58,1,4,378,9.3,266,9:51
27,Jeff Batters\batteje01,1994,1995,2,NHL,16,0,0,0,-4,28,0,0,0,0,0,0,0,4,0,,
28,Norm Beaudin\beaudno01,1968,1968,1,NHL,13,1,1,2,-4,4,0,1,0,0,0,1,0,9,11.1,,
29,Eddy Beers\beersed01,1986,1986,1,NHL,24,7,11,18,-3,24,7,0,0,0,9,2,0,52,13.5,,
30,Derek Bekar\bekarde01,2000,2000,1,NHL,1,0,0,0,0,0,0,0,0,0,0,0,0,0,,5,5:14
31,Bruce Bell\bellbr01,1986,1987,2,NHL,120,5,31,36,7,61,2,3,0,0,16,15,0,145,3.4,,
32,Beau Bennett\bennebe01,2018,2018,1,NHL,6,0,0,0,-2,0,0,0,0,0,0,0,0,6,0,65,10:48
33,Curt Bennett\bennecu01,1971,1979,4,NHL,159,26,41,67,-46,146,25,1,0,3,39,2,0,267,9.7,,
34,Harvey Bennett\benneha02,1979,1979,1,NHL,52,3,9,12,-18,63,3,0,0,0,9,0,0,44,6.8,,
35,Brian Benning\bennibr01,1985,1990,5,NHL,232,30,94,124,-37,321,15,15,0,7,43,49,2,375,8,,
36,Andre Benoit\benoian01,2016,2016,1,NHL,2,0,0,0,1,0,0,0,0,0,0,0,0,0,,27,13:35
37,Red Berenson\berenre01,1968,1978,8,NHL,519,172,240,412,-57,194,132,36,4,29,152,82,6,1560,11,,
38,Marc Bergevin\bergema01,1997,2002,6,NHL,328,5,23,28,9,319,5,0,0,0,20,1,2,178,2.8,2960,17:56
39,Patrik Berglund\berglpa01,2009,2018,10,NHL,694,168,154,322,10,242,124,39,5,28,111,42,1,1343,12.5,11017,15:52
40,Sammy Blais\blaissa01,2018,2019,2,NHL,37,3,3,6,-1,12,2,1,0,0,3,0,0,31,9.7,374,10:06
41,Eric Boguniecki\boguner01,2001,2006,5,NHL,125,29,36,65,17,66,22,6,1,7,27,9,0,180,16.1,1735,13:53
42,Christian Bordeleau\bordech01,1971,1972,2,NHL,119,29,41,70,0,54,24,3,2,8,30,10,1,305,9.5,,
43,Jack Borotsik\borotja01,1975,1975,1,NHL,1,0,0,0,0,0,0,0,0,0,0,0,0,0,,,
44,Robert Bortuzzo\borturo01,2015,2019,5,NHL,203,10,21,31,25,168,10,0,0,1,20,0,1,240,4.2,2939,14:29
45,Tim Bothwell\bothwti01,1983,1989,6,NHL,373,21,75,96,39,297,18,2,1,3,64,9,2,397,5.3,,
46,Andre Boudrias\boudran01,1970,1970,1,NHL,50,3,14,17,7,20,2,1,0,2,14,0,0,95,3.2,,
47,Jesse Boulerice\bouleje01,2006,2006,1,NHL,12,0,0,0,-4,13,0,0,0,0,0,0,0,2,0,32,2:39
48,Rick Bourbonnais\bourbri01,1976,1978,3,NHL,71,9,15,24,-18,29,6,3,0,1,14,1,0,105,8.6,,
49,Charlie Bourgeois\bourgch01,1986,1988,3,NHL,127,4,20,24,20,358,4,0,0,2,18,1,1,96,4.2,,
50,Jay Bouwmeester\bouwmja01,2013,2019,7,NHL,414,15,96,111,41,148,13,2,0,1,77,18,1,585,2.6,9299,22:28
51,Rick Bowness\bowneri01,1979,1980,2,NHL,34,2,5,7,-19,41,2,0,0,0,4,1,0,22,9.1,,
52,Brad Boyes\boyesbr01,2007,2011,5,NHL,327,106,126,232,-7,106,73,33,0,26,85,41,0,799,13.3,5813,17:47
53,Tyler Bozak\bozakty01,2019,2019,1,NHL,53,9,17,26,-4,12,7,2,0,2,13,4,0,102,8.8,872,16:27
54,Steve Bozek\bozekst01,1988,1988,1,NHL,7,0,0,0,-2,2,0,0,0,0,0,0,0,6,0,,
55,Philippe Bozon\bozonph01,1992,1995,4,NHL,144,16,25,41,6,101,15,0,1,1,23,1,1,227,7,,
56,Curt Brackenbury\brackcu01,1983,1983,1,NHL,6,1,0,1,-8,6,1,0,0,0,0,0,0,2,50,,
57,Carl Brewer\breweca01,1971,1972,2,NHL,61,4,25,29,-7,69,4,0,0,1,11,12,2,93,4.3,,
58,Eric Brewer\breweer01,2006,2011,6,NHL,332,30,65,95,-75,332,26,4,0,3,41,23,1,495,6.1,7828,23:35
59,Aris Brimanis\brimaar01,2004,2004,1,NHL,13,0,0,0,0,4,0,0,0,0,0,0,0,3,0,156,12:02
60,Rod Brind'Amour\brindro01,1990,1991,2,NHL,157,43,67,110,25,139,29,14,0,4,54,13,0,329,13.1,,
61,Kyle Brodziak\brodzky01,2016,2018,3,NHL,226,25,34,59,14,97,21,0,4,8,32,0,2,217,11.5,2685,11:53
62,Gord Brooks\brookgo01,1972,1974,2,NHL,32,6,8,14,0,12,6,0,0,1,7,0,1,53,11.3,,
63,Paul Broten\brotepa01,1996,1996,1,NHL,17,0,1,1,-1,4,0,0,0,0,1,0,0,11,0,,
64,Troy Brouwer\brouwtr01,2016,2016,1,NHL,82,18,21,39,2,62,11,7,0,4,18,3,0,142,12.7,1394,17:00
65,Jeff Brown\brownje02,1990,1994,5,NHL,329,80,214,294,-19,218,35,41,4,8,89,120,5,986,8.1,,
66,Jack Brownschidle\brownja01,1978,1984,7,NHL,455,36,156,192,-29,132,19,16,1,5,89,62,5,716,5,,
67,David Bruce\bruceda01,1991,1991,1,NHL,12,1,2,3,1,14,1,0,0,0,2,0,0,23,4.3,,
68,Ron Buchanan\bucharo01,1970,1970,1,NHL,2,0,0,0,-1,0,0,0,0,0,0,0,0,4,0,,
69,Mike Bullard\bullami01,1989,1989,1,NHL,20,4,12,16,1,46,2,2,0,0,8,4,0,52,7.7,,
70,Valeri Bure\bureva01,2003,2003,1,NHL,5,0,2,2,-2,0,0,0,0,0,0,2,0,11,0,76,15:11
71,Garth Butcher\butchga01,1991,1994,4,NHL,208,11,35,46,3,508,10,0,1,2,34,1,0,175,6.3,,
72,Chris Butler\butlech01,2015,2019,5,NHL,58,4,7,11,11,29,3,0,1,0,7,0,0,71,5.6,909,15:40
73,Jerry Butler\butleje01,1976,1978,3,NHL,155,29,46,75,-37,145,28,1,0,3,39,6,1,319,9.1,,
74,Gord Buynak\buynago01,1975,1975,1,NHL,4,0,0,0,3,2,0,0,0,0,0,0,0,3,0,,
75,Petr Cajanek\cajanpe01,2003,2007,4,NHL,269,46,107,153,15,144,35,9,2,6,66,40,1,533,8.6,4650,17:17
76,Craig Cameron\camercr01,1968,1971,3,NHL,182,32,13,45,-18,80,29,2,1,4,12,1,0,252,12.7,,
77,Jim Campbell\campbji01,1997,2000,4,NHL,201,49,60,109,-5,173,36,13,0,12,37,21,2,421,11.6,777,13:38
78,Scott Campbell\campbsc01,1982,1982,1,NHL,3,0,0,0,-2,52,0,0,0,0,0,0,0,0,,,
79,Guy Carbonneau\carbogu01,1995,1995,1,NHL,42,5,11,16,11,16,4,1,0,1,10,0,1,33,15.2,,
80,Claude Cardin\cardicl01,1968,1968,1,NHL,1,0,0,0,-1,0,0,0,0,0,0,0,0,1,0,,
81,Jack Carlson\carlsja01,1983,1984,2,NHL,112,12,9,21,7,153,12,0,0,1,9,0,0,78,15.4,,
82,Kent Carlson\carlske01,1986,1986,1,NHL,26,2,3,5,2,42,2,0,0,0,3,0,0,14,14.3,,
83,Jordan Caron\caronjo01,2016,2016,1,NHL,4,0,0,0,-3,0,0,0,0,0,0,0,0,1,0,33,8:08
84,Gene Carr\carrge01,1972,1972,1,NHL,14,3,2,5,0,9,3,0,0,0,2,0,0,29,10.3,,
85,Gino Cavallini\cavalgi01,1986,1992,7,NHL,454,91,120,211,-12,429,79,11,1,17,107,13,0,824,11,,
86,Paul Cavallini\cavalpa01,1988,1993,6,NHL,337,37,120,157,99,514,25,10,2,2,87,28,5,583,6.3,,
87,Blair Chapman\chapmbl01,1980,1983,4,NHL,175,58,74,132,-9,87,48,10,0,10,54,20,0,312,18.6,,
88,Kelly Chase\chaseke01,1990,2000,8,NHL,345,14,26,40,-13,1497,14,0,0,3,25,1,0,192,7.3,461,6:35
89,Denis Chasse\chassde01,1994,1996,3,NHL,92,10,10,20,4,256,8,2,0,1,10,0,0,78,12.8,,
90,Vladimir Chebaturkin\chebavl01,2001,2001,1,NHL,22,1,2,3,5,26,1,0,0,0,2,0,0,5,20,289,13:09
91,Taylor Chorney\chornta01,2012,2012,1,NHL,2,0,0,0,0,0,0,0,0,0,0,0,0,1,0,23,11:40
92,Guy Chouinard\chouigu01,1984,1984,1,NHL,64,12,34,46,-15,10,8,4,0,2,18,16,0,117,10.3,,
93,Dave Christian\chrisda01,1992,1992,1,NHL,78,20,24,44,2,41,16,1,3,3,17,6,1,142,14.1,,
94,Dale Clarke\clarkda02,2001,2001,1,NHL,3,0,0,0,1,0,0,0,0,0,0,0,0,5,0,41,13:38
95,Carlo Colaiacovo\colaica01,2009,2014,5,NHL,284,19,91,110,9,152,13,5,1,4,49,41,1,319,6,5098,17:57
96,Ian Cole\coleia01,2011,2015,5,NHL,167,9,22,31,40,142,9,0,0,0,20,2,0,147,6.1,2645,15:50
97,Bill Collins\collibi01,1974,1975,2,NHL,82,24,17,41,-6,48,20,2,2,2,14,1,2,163,14.7,,
98,Bob Collyard\collybo01,1974,1974,1,NHL,10,1,3,4,1,4,1,0,0,0,3,0,0,12,8.3,,
99,Wayne Connelly\connewa01,1971,1972,2,NHL,43,10,21,31,-11,11,10,0,0,0,10,11,0,150,6.7,,
100,Craig Conroy\conrocr01,1997,2001,5,NHL,359,57,94,151,41,209,47,1,9,8,85,2,7,525,10.9,3286,15:09
101,Daniel Corso\corsoda01,2001,2003,3,NHL,70,14,10,24,2,20,8,6,0,6,7,3,0,67,20.9,858,12:15
102,Shayne Corson\corsosh01,1996,1997,2,NHL,88,20,29,49,-1,216,6,14,0,0,19,9,1,169,11.8,,
103,Geoff Courtnall\courtge01,1991,2000,6,NHL,326,106,126,232,30,371,78,27,1,17,94,32,0,911,11.6,441,14:42
104,Bruce Cowick\cowicbr01,1976,1976,1,NHL,5,0,0,0,1,2,0,0,0,0,0,0,0,3,0,,
105,Craig Coxe\coxecr01,1989,1989,1,NHL,41,0,7,7,3,127,0,0,0,0,7,0,0,15,0,,
106,Adam Cracknell\crackad01,2011,2014,4,NHL,65,6,10,16,5,12,6,0,0,0,10,0,0,64,9.4,557,8:34
107,Bob Crawford\crawfbo01,1980,1983,3,NHL,38,6,10,16,-15,4,5,1,0,0,9,1,0,84,7.1,,
108,Adam Creighton\creigad01,1995,1996,2,NHL,109,25,30,55,17,152,20,5,0,4,22,8,0,179,14,,
109,Terry Crisp\crispte01,1968,1972,5,NHL,285,38,64,102,29,51,27,2,9,5,57,3,4,360,10.6,,
110,B.J. Crombeen\crombbj01,2009,2012,4,NHL,265,26,23,49,-33,515,23,0,3,4,21,1,1,395,6.6,3296,12:26
111,Mike Crombeen\crombmi01,1979,1983,5,NHL,325,47,53,100,-39,164,43,1,3,5,50,0,3,410,11.5,,
112,Doug Crossman\crossdo01,1993,1994,2,NHL,69,4,14,18,-2,20,1,3,0,0,6,8,0,54,7.4,,
113,Tony Currie\currito01,1978,1982,5,NHL,207,68,88,156,14,63,62,6,0,11,64,24,0,377,18,,
114,Paul Curtis\curtipa01,1973,1973,1,NHL,29,1,4,5,2,6,1,0,0,0,4,0,0,37,2.7,,
115,Denis Cyr\cyrde01,1985,1986,2,NHL,40,8,7,15,-10,2,8,0,0,1,7,0,0,33,24.2,,
116,Matt D'Agostini\dagosma01,2010,2013,4,NHL,160,31,35,66,13,71,22,9,0,8,27,8,0,289,10.7,2236,13:58
117,J.J. Daigneault\daignjj01,1996,1996,1,NHL,37,1,3,4,-6,24,1,0,0,0,0,3,0,45,2.2,,
118,Kevin Dallman\dallmke01,2006,2006,1,NHL,46,4,9,13,-15,21,1,3,0,0,5,4,0,89,4.5,866,18:49
119,Mike Danton\dantomi01,2004,2004,1,NHL,68,7,5,12,-8,141,6,0,1,0,3,2,0,72,9.7,812,11:57
120,Michael Dark\darkmi01,1987,1988,2,NHL,43,5,6,11,6,14,5,0,0,1,6,0,0,31,16.1,,
121,Stefan Della Rovere\dellast01,2011,2011,1,NHL,7,0,0,0,0,11,0,0,0,0,0,0,0,4,0,43,6:05
122,Gilbert Delorme\delorgi01,1984,1985,2,NHL,118,2,17,19,-1,94,1,1,0,0,16,1,0,154,1.3,,
123,Ab DeMarco\demarab02,1973,1974,2,NHL,37,7,18,25,10,13,7,0,0,1,5,13,0,122,5.7,,
124,Pavol Demitra\demitpa01,1997,2004,8,NHL,494,204,289,493,99,160,137,63,4,45,190,99,0,1382,14.8,8324,19:35
125,Norm Dennis\dennino01,1969,1972,4,NHL,12,3,0,3,-4,11,2,1,0,0,0,0,0,13,23.1,,
126,Robert Dirk\dirkro01,1988,1991,4,NHL,94,2,6,8,8,255,2,0,0,0,6,0,0,43,4.7,,
127,Jon DiSalvatore\disaljo01,2006,2006,1,NHL,5,0,0,0,-1,2,0,0,0,0,0,0,0,3,0,42,8:27
128,Ted Donato\donatte01,2002,2002,1,NHL,2,0,0,0,-2,2,0,0,0,0,0,0,0,0,,19,9:17
129,Andre Dore\dorean01,1983,1984,2,NHL,93,5,27,32,13,83,5,0,0,1,25,2,0,92,5.4,,
130,Aaron Downey\downeaa01,2006,2006,1,NHL,17,2,0,2,0,45,2,0,0,0,0,0,0,11,18.2,67,3:56
131,Dallas Drake\drakeda01,2001,2007,6,NHL,443,64,106,170,2,386,45,11,8,11,82,19,5,654,9.8,6629,14:58
132,Nick Drazenovic\drazeni01,2011,2011,1,NHL,3,0,0,0,-3,0,0,0,0,0,0,0,0,2,0,27,8:59
133,Steve Dubinsky\dubinst01,2003,2003,1,NHL,28,0,6,6,3,4,0,0,0,0,5,0,1,23,0,301,10:45
134,Steve Duchesne\duchest01,1994,1998,3,NHL,163,38,87,125,39,82,23,14,1,3,38,45,4,384,9.9,,
135,Luc Dufour\dufoulu01,1985,1985,1,NHL,23,1,3,4,-8,18,1,0,0,0,3,0,0,38,2.6,,
136,Donald Dufresne\dufredo01,1995,1996,2,NHL,25,0,3,3,0,14,0,0,0,0,3,0,0,12,0,,
137,Blake Dunlop\dunlobl01,1980,1984,5,NHL,324,86,201,287,-4,118,53,32,1,7,141,57,3,516,16.7,,
138,Vince Dunn\dunnvi02,2018,2019,2,NHL,133,13,36,49,11,53,9,4,0,3,26,10,0,253,5.1,2281,17:09
139,Denis Dupere\duperde01,1975,1975,1,NHL,22,3,6,9,4,8,3,0,0,0,6,0,0,35,8.6,,
140,Andre Dupont\duponan01,1972,1973,2,NHL,85,4,16,20,10,198,4,0,0,0,14,2,0,171,2.3,,
141,Micki DuPont\duponmi01,2008,2008,1,NHL,2,0,0,0,1,2,0,0,0,0,0,0,0,3,0,25,12:34
142,Steve Durbano\durbast01,1973,1979,3,NHL,98,8,24,32,-11,480,8,0,0,0,14,10,0,141,5.7,,
143,Radek Dvorak\dvorara01,2007,2007,1,NHL,82,10,27,37,-6,48,8,1,1,1,19,8,0,139,7.2,1282,15:38
144,Dallas Eakins\eakinda01,1996,1996,1,NHL,16,0,1,1,-2,34,0,0,0,0,1,0,0,6,0,,
145,Mike Eastwood\eastwmi01,1998,2003,6,NHL,336,43,66,109,14,151,36,2,5,7,55,2,9,281,15.3,4613,14:09
146,Tim Ecclestone\eccleti01,1968,1971,4,NHL,230,48,76,124,22,140,39,9,0,10,54,22,0,559,8.6,,
147,Darryl Edestrand\edestda01,1968,1968,1,NHL,12,0,0,0,-3,2,0,0,0,0,0,0,0,12,0,,
148,Joel Edmundson\edmunjo01,2016,2019,4,NHL,260,13,37,50,14,240,13,0,0,2,37,0,0,385,3.4,4745,18:15
149,Jack Egers\egersja01,1972,1974,3,NHL,147,45,50,95,7,66,41,4,0,6,32,18,0,465,9.7,,
150,Todd Elik\elikto01,1995,1995,1,NHL,13,2,4,6,5,4,2,0,0,0,3,1,0,26,7.7,,
151,Lars Eller\ellerla01,2010,2010,1,NHL,7,2,0,2,2,4,1,1,0,0,0,0,0,8,25,76,10:49
152,Dave Ellett\elletda01,2000,2000,1,NHL,52,2,8,10,-4,12,2,0,0,1,4,4,0,41,4.9,701,13:28
153,Kari Eloranta\eloraka01,1982,1982,1,NHL,12,1,7,8,6,6,1,0,0,1,1,6,0,22,4.5,,
154,Nelson Emerson\emersne01,1991,1993,3,NHL,165,45,90,135,-5,130,35,8,2,6,38,52,0,342,13.2,,
155,Chris Evans\evansch01,1972,1975,4,NHL,153,13,20,33,1,41,11,0,2,3,13,3,4,192,6.8,,
156,Doug Evans\evansdo01,1986,1990,5,NHL,163,16,32,48,-4,223,15,0,1,1,32,0,0,144,11.1,,
157,Shawn Evans\evanssh01,1986,1986,1,NHL,7,0,0,0,-1,2,0,0,0,0,0,0,0,1,0,,
158,Todd Ewen\ewento01,1987,1990,4,NHL,124,10,7,17,-4,493,10,0,0,0,7,0,0,74,13.5,,
159,Robby Fabbri\fabbrro01,2016,2019,3,NHL,150,31,40,71,-19,58,25,6,0,4,29,11,0,240,12.9,2099,13:59
160,Bill Fairbairn\fairbbi01,1978,1979,2,NHL,65,15,16,31,-25,10,15,0,0,1,14,1,1,90,16.7,,
161,Cade Fairchild\faircca01,2012,2012,1,NHL,5,0,1,1,-1,0,0,0,0,0,1,0,0,1,0,48,9:39
162,Glen Featherstone\feathgl01,1989,1991,3,NHL,144,5,29,34,15,371,4,1,0,1,25,4,0,102,4.9,,
163,Bernie Federko*\federbe01,1977,1989,13,NHL,927,352,721,1073,-123,463,233,117,2,40,441,280,0,1966,17.9,,
164,Denny Felsner\felsnde01,1992,1995,4,NHL,18,1,4,5,2,6,1,0,0,0,4,0,0,14,7.1,,
165,Ray Ferraro\ferrara01,2002,2002,1,NHL,15,6,4,10,2,8,4,2,0,1,3,1,0,27,22.2,211,14:05
166,Jeff Finley\finleje01,1999,2004,6,NHL,371,6,28,34,46,206,6,0,0,3,21,3,4,176,3.4,6556,17:40
167,Rory Fitzpatrick\fitzpro02,1997,1999,2,NHL,3,0,0,0,-5,4,0,0,0,0,0,0,0,1,0,5,4:49
168,Ron Flockhart\flockro02,1986,1988,3,NHL,160,43,68,111,7,42,34,7,2,5,52,16,0,329,13.1,,
169,Connie Forey\foreyco01,1974,1974,1,NHL,4,0,0,0,-1,2,0,0,0,0,0,0,0,2,0,,
170,Ray Fortin\fortira01,1968,1970,3,NHL,92,2,6,8,7,35,2,0,0,0,4,2,0,101,2,,
171,Colin Fraser\fraseco01,2015,2015,1,NHL,1,0,0,0,-1,0,0,0,0,0,0,0,0,1,0,5,4:42
172,Len Frig\frigle01,1978,1980,2,NHL,37,1,5,6,-18,49,1,0,0,1,5,0,0,44,2.3,,
173,Simon Gamache\gamacsi01,2006,2006,1,NHL,15,3,4,7,1,10,3,0,0,0,3,1,0,32,9.4,208,13:53
174,Perry Ganchar\ganchpe01,1984,1985,2,NHL,8,0,2,2,1,0,0,0,0,0,2,0,0,4,0,,
175,Dave Gardner\gardnda01,1974,1975,2,NHL,23,5,4,9,-9,6,5,0,0,0,2,2,0,39,12.8,,
176,Bob Gassoff\gassobo01,1974,1977,4,NHL,245,11,47,58,-13,866,10,1,0,4,44,2,1,311,3.5,,
177,Barry Gibbs\gibbsba01,1978,1979,2,NHL,127,8,39,47,-52,91,8,0,0,0,30,9,0,186,4.3,,
178,Greg Gilbert\gilbegr01,1995,1996,2,NHL,63,11,15,26,21,19,11,0,0,3,15,0,0,66,16.7,,
179,Stan Gilbertson\gilbest01,1975,1975,1,NHL,22,1,4,5,-5,4,1,0,0,0,4,0,0,32,3.1,,
180,Curt Giles\gilescu01,1992,1993,2,NHL,61,1,5,6,-5,48,1,0,0,0,3,2,0,27,3.7,,
181,Todd Gill\gillto01,1998,1999,2,NHL,39,7,7,14,-4,26,3,4,0,1,6,1,0,58,12.1,493,17:36
182,Doug Gilmour*\gilmodo01,1984,1988,5,NHL,384,149,205,354,-12,264,99,44,6,15,130,68,7,873,17.1,,
183,Gaston Gingras\gingrga01,1988,1989,2,NHL,120,10,32,42,1,24,5,5,0,0,16,16,0,229,4.4,,
184,Larry Giroux\giroula01,1974,1980,3,NHL,150,10,39,49,-44,174,8,2,0,2,30,9,0,244,4.1,,
185,Mike Glumac\glumami01,2006,2008,3,NHL,40,7,6,13,-8,38,2,5,0,0,5,1,0,62,11.3,476,11:53
186,Marcel Goc\gocma01,2015,2015,1,NHL,31,1,2,3,-1,4,1,0,0,0,2,0,0,34,2.9,329,10:38
187,Scott Gomez\gomezsc01,2016,2016,1,NHL,21,1,7,8,-4,4,1,0,0,1,3,4,0,10,10,236,11:15
188,Phil Goyette\goyetph01,1970,1970,1,NHL,72,29,49,78,3,16,16,13,0,5,23,26,0,152,19.1,,
189,Evgeny Grachev\grachev01,2012,2012,1,NHL,26,1,3,4,-4,2,1,0,0,1,3,0,0,14,7.1,243,9:20
190,Terry Gray\grayte01,1969,1970,2,NHL,36,6,5,11,1,21,4,2,0,3,4,1,0,82,7.3,,
191,Wayne Gretzky*\gretzwa01,1996,1996,1,NHL,18,8,13,21,-6,2,6,1,1,1,4,9,0,51,15.7,,
192,Bill Guerin\gueribi01,2007,2007,1,NHL,61,28,19,47,8,52,21,7,0,6,12,7,0,189,14.8,1063,17:26
193,Carl Gunnarsson\gunnaca01,2015,2019,5,NHL,270,13,30,43,38,63,12,1,0,3,28,1,1,214,6.1,4427,16:24
194,Alexei Gusarov\gusaral01,2001,2001,1,NHL,16,0,4,4,-3,6,0,0,0,0,3,1,0,10,0,339,21:11
195,Jean Hamel\hamelje01,1973,1974,2,NHL,78,3,8,11,-8,30,3,0,0,0,7,1,0,77,3.9,,
196,Chuck Hamilton\hamilch01,1973,1973,1,NHL,3,0,2,2,4,2,0,0,0,0,2,0,0,2,0,,
197,Inge Hammarstrom\hammain01,1978,1979,2,NHL,135,31,41,72,-37,12,31,0,0,3,35,6,0,293,10.6,,
198,Ron Handy\handyro01,1988,1988,1,NHL,4,0,1,1,-1,0,0,0,0,0,1,0,0,4,0,,
199,Michal Handzus\handzmi01,1999,2001,3,NHL,183,39,54,93,21,86,27,6,6,7,42,9,3,302,12.9,3060,16:43
200,Richie Hansen\hanseri01,1982,1982,1,NHL,2,0,2,2,2,0,0,0,0,0,2,0,0,4,0,,
201,Nick Harbaruk\harbani01,1974,1974,1,NHL,56,5,14,19,4,16,4,0,1,1,12,2,0,50,10,,
202,Scott Harlow\harlosc01,1988,1988,1,NHL,1,0,1,1,-1,0,0,0,0,0,1,0,0,2,0,,
203,Terry Harper\harpete01,1980,1980,1,NHL,11,1,5,6,5,6,1,0,0,0,5,0,0,14,7.1,,
204,Ted Harris\harrite01,1974,1974,1,NHL,24,0,4,4,-4,16,0,0,0,0,4,0,0,32,0,,
205,Gerry Hart\hartge01,1981,1983,3,NHL,106,4,12,16,0,236,4,0,0,0,12,0,0,59,6.8,,
206,Doug Harvey*\harvedo01,1969,1969,1,NHL,70,2,20,22,11,30,1,1,0,0,14,5,1,46,4.3,,
207,Martin Havlat\havlama01,2016,2016,1,NHL,2,1,0,1,0,0,1,0,0,1,0,0,0,3,33.3,22,10:54
208,Dale Hawerchuk*\hawerda01,1996,1996,1,NHL,66,13,28,41,5,22,8,5,0,1,13,14,1,136,9.6,,
209,Jochen Hecht\hechtjo01,1999,2001,3,NHL,138,32,46,78,29,76,16,13,3,2,33,13,0,352,9.1,2302,16:41
210,Bret Hedican\hedicbr01,1992,1994,3,NHL,107,1,19,20,-9,94,1,0,0,0,17,2,0,119,0.8,,
211,Jeff Heerema\heereje01,2004,2004,1,NHL,22,1,2,3,-5,4,1,0,0,1,1,1,0,28,3.6,230,10:26
212,Bryan Helmer\helmebr01,1999,2000,2,NHL,44,1,5,6,0,29,0,1,0,1,5,0,0,57,1.8,799,18:09
213,Colin Hemingway\heminco01,2006,2006,1,NHL,3,0,0,0,-2,0,0,0,0,0,0,0,0,2,0,22,7:18
214,Camille Henry\henryca01,1969,1970,2,NHL,68,18,24,42,13,8,10,8,0,1,17,7,0,99,18.2,,
215,T.J. Hensick\hensitj01,2011,2011,1,NHL,13,1,2,3,-5,2,1,0,0,0,1,1,0,12,8.3,118,9:05
216,Bob Hess\hessbo01,1975,1981,6,NHL,293,27,87,114,-15,164,18,7,2,3,55,32,0,465,5.8,,
217,Pat Hickey\hickepa01,1983,1985,3,NHL,125,19,24,43,-7,56,16,0,3,2,23,0,1,134,14.2,,
218,Sean Hill\hillse01,2001,2002,2,NHL,71,1,13,14,6,79,1,0,0,0,10,3,0,76,1.3,1201,16:55
219,Dan Hinote\hinotda01,2007,2009,3,NHL,150,11,14,25,-18,129,11,0,0,1,10,1,3,103,10.7,1702,11:21
220,Jeff Hoggan\hoggaje01,2006,2006,1,NHL,52,2,6,8,-16,34,2,0,0,0,6,0,0,60,3.3,457,8:47
221,Terry Hollinger\hollite01,1994,1995,2,NHL,7,0,0,0,0,2,0,0,0,0,0,0,0,1,0,,
222,Gary Holt\holtga01,1978,1978,1,NHL,50,7,4,11,-7,81,7,0,0,1,3,1,0,62,11.3,,
223,Ron Hoover\hoovero01,1992,1992,1,NHL,1,0,0,0,0,0,0,0,0,0,0,0,0,1,0,,
224,Larry Hornung\hornula01,1971,1972,2,NHL,47,2,9,11,-1,10,2,0,0,1,5,4,0,61,3.3,,
225,Bill Houlder\houldbi01,1995,1995,1,NHL,41,5,13,18,16,20,4,1,0,0,10,3,0,59,8.5,,
226,Phil Housley*\houslph01,1994,1994,1,NHL,26,7,15,22,-5,12,3,4,0,1,8,7,0,60,11.7,,
227,Dave Hrechkosy\hrechda01,1976,1977,2,NHL,28,4,5,9,2,2,4,0,0,0,3,2,0,29,13.8,,
228,Tony Hrkac\hrkacto01,1988,1994,4,NHL,201,39,82,121,-15,46,28,9,2,5,47,31,4,303,12.9,,
229,Fran Huck\huckfr01,1971,1973,2,NHL,87,23,28,51,1,38,21,2,0,3,22,6,0,125,18.4,,
230,Fred Hucul\huculfr01,1968,1968,1,NHL,43,2,13,15,-3,30,1,1,0,0,7,6,0,85,2.4,,
231,Charlie Huddy\huddych01,1996,1996,1,NHL,12,0,0,0,-7,6,0,0,0,0,0,0,0,13,0,,
232,Mike Hudson\hudsomi01,1996,1996,1,NHL,32,3,12,15,7,26,3,0,0,0,11,1,0,32,9.4,,
233,Brent Hughes\hughebr01,1973,1974,2,NHL,10,1,1,2,1,0,1,0,0,0,0,1,0,16,6.3,,
234,Pat Hughes\hughepa01,1987,1987,1,NHL,43,1,5,6,-4,26,1,0,0,0,5,0,0,29,3.4,,
235,Brett Hull*\hullbr01,1988,1998,11,NHL,744,527,409,936,-16,286,314,195,18,70,226,176,7,3367,15.7,,
236,Brad Hunt\huntbr01,2017,2017,1,NHL,9,1,4,5,-2,2,0,1,0,0,3,1,0,12,8.3,122,13:36
237,Mark Hunter\huntema01,1986,1988,3,NHL,218,112,94,206,-15,474,73,37,2,7,60,34,0,546,20.5,,
238,Kent Huskins\huskike01,2012,2012,1,NHL,25,2,5,7,9,10,2,0,0,0,5,0,0,16,12.5,387,15:28
239,Ted Irvine\irvinte01,1976,1977,2,NHL,138,24,27,51,-28,118,21,3,0,4,25,2,0,228,10.5,,
240,Barret Jackman\jackmba01,2002,2015,13,NHL,803,28,153,181,53,1026,23,3,2,5,141,5,7,817,3.4,16364,20:23
241,Craig Janney\jannecr01,1992,1995,4,NHL,186,48,185,233,-10,38,28,20,0,14,106,79,0,278,17.3,,
242,Cam Janssen\janssca01,2008,2011,4,NHL,165,2,7,9,-15,470,2,0,0,0,7,0,0,58,3.4,833,5:03
243,Dmitrij Jaskin\jaskidm01,2013,2018,6,NHL,266,25,36,61,17,82,22,3,0,5,35,1,0,399,6.3,3240,12:11
244,Jakub Jerabek\jerabja01,2019,2019,1,NHL,1,0,0,0,-3,2,0,0,0,0,0,0,0,1,0,8,7:52
245,Jaroslav Jirik\jirikja01,1970,1970,1,NHL,3,0,0,0,1,0,0,0,0,0,0,0,0,4,0,,
246,Craig Johnson\johnscr01,1995,1996,2,NHL,64,11,10,21,0,36,10,1,0,0,10,0,0,88,12.5,,
247,Erik Johnson\johnser01,2008,2011,3,NHL,203,20,71,91,-16,144,8,11,1,7,44,27,0,399,5,4166,20:31
248,Mark Johnson\johnsma02,1985,1985,1,NHL,17,4,6,10,-2,2,4,0,0,0,5,1,0,37,10.8,,
249,Mike Johnson\johnsmi01,2008,2008,1,NHL,21,2,3,5,-4,8,2,0,0,0,3,0,0,21,9.5,273,13:01
250,Ryan Johnson\johnsry01,2003,2008,5,NHL,289,19,30,49,-32,122,13,1,5,2,26,0,4,241,7.9,3467,12:00
251,Terry Johnson\johnste01,1984,1986,3,NHL,188,2,17,19,6,350,2,0,0,0,15,1,1,96,2.1,,
252,Olli Jokinen\jokinol01,2015,2015,1,NHL,8,1,2,3,3,0,1,0,0,1,2,0,0,17,5.9,88,11:00
253,Jonas Junland\junlajo01,2009,2010,2,NHL,4,0,2,2,-3,2,0,0,0,0,1,1,0,7,0,64,16:00
254,Gord Kannegiesser\kannego01,1968,1972,2,NHL,23,0,1,1,-4,15,0,0,0,0,0,1,0,16,0,,
255,Vitali Karamnov\karamvi01,1993,1995,3,NHL,92,12,20,32,2,65,10,2,0,1,19,1,0,95,12.6,,
256,Paul Kariya*\kariypa01,2008,2010,3,NHL,168,36,87,123,-16,88,28,8,0,3,53,34,0,475,7.6,3021,17:59
257,Alexei Kasatonov\kasatal01,1994,1994,1,NHL,8,0,2,2,5,19,0,0,0,0,2,0,0,6,0,,
258,Ed Kea\keaed01,1980,1983,4,NHL,267,8,53,61,40,225,8,0,0,1,50,2,1,263,3,,
259,Mike Keane\keanemi01,2002,2002,1,NHL,56,4,6,10,-2,22,3,1,0,0,6,0,0,47,8.5,801,14:19
260,Larry Keenan\keenala01,1968,1971,4,NHL,152,28,43,71,8,18,21,7,0,4,26,17,0,312,9,,
261,Bob Kelly\kellybo01,1974,1974,1,NHL,37,9,8,17,1,45,9,0,0,0,8,0,0,70,12.9,,
262,Chris Kenady\kenadch01,1998,1998,1,NHL,5,0,2,2,1,0,0,0,0,0,2,0,0,3,0,,
263,Alexander Khavanov\khavaal01,2001,2004,4,NHL,284,21,69,90,26,173,14,6,1,2,35,31,3,331,6.3,5648,19:53
264,Yuri Khmylev\khmylyu01,1996,1997,2,NHL,9,1,1,2,-6,2,1,0,0,0,1,0,0,16,6.3,,
265,Darin Kimble\kimblda01,1991,1992,2,NHL,72,2,4,6,-1,294,2,0,0,1,4,0,0,26,7.7,,
266,D.J. King\kingdj01,2007,2010,4,NHL,101,4,5,9,-11,185,4,0,0,1,5,0,0,53,7.5,553,5:29
267,Derek King\kingde01,2000,2000,1,NHL,19,2,7,9,0,6,1,1,0,0,5,2,0,29,6.9,242,12:44
268,Ralph Klassen\klassra01,1980,1984,5,NHL,225,18,37,55,-35,45,16,0,2,4,29,1,7,209,8.6,,
269,Fred Knipscheer\knipsfr01,1996,1996,1,NHL,1,0,0,0,0,2,0,0,0,0,0,0,0,2,0,,
270,David Koci\kocida01,2009,2009,1,NHL,4,0,0,0,-2,9,0,0,0,0,0,0,0,5,0,14,3:37
271,Tom Koivisto\koivito01,2003,2003,1,NHL,22,2,4,6,1,10,2,0,0,1,1,3,0,26,7.7,368,16:44
272,Neil Komadoski\komadne01,1978,1980,3,NHL,124,3,22,25,-51,155,3,0,0,0,19,2,1,76,3.9,,
273,Igor Korolev\korolig01,1993,1994,2,NHL,147,10,33,43,-13,60,8,2,0,1,30,3,0,169,5.9,,
274,Igor Kravchuk\kravcig01,1996,1997,2,NHL,122,7,36,43,1,59,6,1,0,1,19,17,0,256,2.7,,
275,Murray Kuntz\kuntzmu01,1975,1975,1,NHL,7,1,2,3,6,0,1,0,0,0,2,0,0,16,6.3,,
276,Jordan Kyrou\kyroujo01,2019,2019,1,NHL,16,1,2,3,-1,4,1,0,0,0,2,0,0,16,6.3,155,9:40
277,Neil Labatte\labatne01,1979,1982,2,NHL,26,0,2,2,-4,19,0,0,0,0,2,0,0,17,0,,
278,Nathan LaFayette\lafayna01,1994,1994,1,NHL,38,2,3,5,-9,14,2,0,0,0,3,0,0,23,8.7,,
279,Christian Laflamme\laflach01,2002,2004,3,NHL,71,0,11,11,1,69,0,0,0,0,11,0,0,59,0,1032,14:32
280,Roger Lafreniere\lafrero01,1973,1973,1,NHL,10,0,0,0,-1,0,0,0,0,0,0,0,0,3,0,,
281,Mike Lalor\lalormi01,1989,1990,2,NHL,114,1,30,31,9,135,1,0,0,1,29,1,0,119,0.8,,
282,Dick Lamby\lambydi01,1979,1981,3,NHL,22,0,5,5,-3,22,0,0,0,0,5,0,0,25,0,,
283,Mike Lampman\lampmmi01,1973,1974,2,NHL,33,3,3,6,5,2,3,0,0,0,1,2,0,37,8.1,,
284,Jamie Langenbrunner\langeja01,2012,2013,2,NHL,74,6,19,25,8,32,6,0,0,3,19,0,0,132,4.5,1062,14:21
285,Daniel Laperriere\laperda01,1993,1995,3,NHL,29,1,4,5,-3,23,0,1,0,0,2,2,0,27,3.7,,
286,Ian Laperriere\laperia01,1994,1996,3,NHL,71,16,20,36,8,172,14,2,0,2,18,2,0,85,18.8,,
287,Maxim Lapierre\lapiema01,2014,2015,2,NHL,116,11,13,24,-5,94,11,0,0,1,13,0,0,121,9.1,1259,10:51
288,Guy Lapointe*\lapoigu01,1982,1983,2,NHL,62,3,29,32,-15,47,1,1,1,1,13,16,0,122,2.5,,
289,Rick Lapointe\lapoiri01,1980,1982,3,NHL,231,16,64,80,7,338,16,0,0,4,56,7,1,288,5.6,,
290,Claude Larose\laroscl01,1975,1978,4,NHL,272,60,74,134,-1,128,53,6,1,3,66,8,0,638,9.4,,
291,Don Laurence\lauredo01,1980,1980,1,NHL,20,1,2,3,-7,8,1,0,0,1,2,0,0,35,2.9,,
292,Kevin LaVallee\lavalke01,1985,1986,2,NHL,102,33,37,70,11,14,24,9,0,3,27,10,0,196,16.8,,
293,Brian Lavender\lavenbr01,1972,1972,1,NHL,46,5,11,16,-2,54,5,0,0,1,10,1,0,68,7.4,,
294,Dominic Lavoie\lavoido01,1989,1992,4,NHL,26,2,4,6,-2,28,1,1,0,0,4,0,0,43,4.7,,
295,Stephen Leach\leachst01,1996,1997,2,NHL,31,4,5,9,-5,46,4,0,0,0,3,2,0,66,6.1,,
296,Gary Leeman\leemaga01,1997,1997,1,NHL,2,0,1,1,0,0,0,0,0,0,0,1,0,3,0,,
297,Chuck Lefley\leflech01,1975,1981,5,NHL,233,83,104,187,11,77,68,7,8,13,62,37,5,551,15.1,,
298,Jori Lehtera\lehtejo01,2015,2017,3,NHL,218,30,70,100,27,120,26,3,1,6,53,16,1,253,11.9,3458,15:52
299,Alain Lemieux\lemieal01,1982,1985,4,NHL,81,17,33,50,-9,24,15,2,0,1,27,6,0,105,16.2,,
300,Jocelyn Lemieux\lemiejo01,1987,1988,2,NHL,76,11,8,19,-3,136,10,1,0,1,8,0,0,67,16.4,,
301,Jordan Leopold\leopojo01,2013,2015,3,NHL,49,1,7,8,-1,8,1,0,0,0,3,4,0,63,1.6,788,16:05
302,Craig Levie\leviecr01,1985,1985,1,NHL,61,6,23,29,0,33,4,2,0,1,10,13,0,95,6.3,,
303,Doug Lidster\lidstdo01,1995,1995,1,NHL,37,2,7,9,9,12,1,1,0,0,7,0,0,37,5.4,,
304,Petteri Lindbohm\lindbpe02,2015,2017,3,NHL,40,2,1,3,-9,37,2,0,0,0,1,0,0,51,3.9,587,14:40
305,Joakim Lindstrom\lindsjo01,2015,2015,1,NHL,34,3,3,6,-8,8,1,2,0,0,1,2,0,41,7.3,377,11:05
306,Jim Lorentz\lorenji01,1971,1972,2,NHL,88,19,22,41,-2,46,13,6,0,2,17,5,0,176,10.8,,
307,Reed Low\lowre01,2001,2004,4,NHL,250,3,16,19,-2,694,3,0,0,1,16,0,0,132,2.3,1487,5:57
308,Dave Lowry\lowryda01,1989,1993,5,NHL,311,53,51,104,-8,432,48,0,5,7,46,0,5,387,13.7,,
309,Bernie Lukowich\lukowbe01,1975,1975,1,NHL,26,4,5,9,4,2,2,2,0,2,5,0,0,20,20,,
310,Mackenzie MacEachern\maceama01,2019,2019,1,NHL,19,3,1,4,2,6,3,0,0,1,1,0,0,26,11.5,152,7:59
311,Shane MacEachern\maceash01,1988,1988,1,NHL,1,0,0,0,0,0,0,0,0,0,0,0,0,0,,,
312,Al MacInnis*\macinal01,1995,2004,10,NHL,613,127,325,452,132,551,57,64,6,22,137,177,11,2266,5.6,9686,27:13:00
313,David Mackey\mackeda01,1992,1994,3,NHL,64,4,7,11,-11,128,4,0,0,1,7,0,0,50,8,,
314,Paul MacLean\maclepa01,1981,1991,3,NHL,116,40,44,84,1,124,28,12,0,8,35,9,0,195,20.5,,
315,Bob MacMillan\macmibo01,1976,1978,3,NHL,187,46,83,129,4,75,33,12,1,3,62,19,2,391,11.8,,
316,Bernie MacNeil\macnebe01,1974,1974,1,NHL,4,0,0,0,1,0,0,0,0,0,0,0,0,5,0,,
317,Craig MacTavish\mactacr01,1996,1997,2,NHL,63,2,6,8,-18,41,2,0,0,0,6,0,0,42,4.8,,
318,Connie Madigan\madigco01,1973,1973,1,NHL,20,0,3,3,1,25,0,0,0,0,3,0,0,11,0,,
319,Wayne Maki\makiwa01,1970,1970,1,NHL,16,2,1,3,-6,4,2,0,0,1,1,0,0,35,5.7,,
320,John Markell\markejo01,1984,1984,1,NHL,2,0,0,0,-3,0,0,0,0,0,0,0,0,0,,,
321,Mario Marois\maroima01,1991,1992,2,NHL,81,2,15,17,14,119,2,0,0,0,12,2,1,70,2.9,,
322,Pat Maroon\maroopa01,2019,2019,1,NHL,54,4,12,16,-9,52,3,1,0,2,5,7,0,89,4.5,768,14:13
323,Gilles Marotte\marotgi01,1977,1977,1,NHL,47,3,4,7,-14,26,3,0,0,1,3,1,0,62,4.8,,
324,Jason Marshall\marshja02,1992,1992,1,NHL,2,1,0,1,0,4,1,0,0,0,0,0,0,2,50,,
325,Steve Martins\martist02,2003,2004,2,NHL,53,4,3,7,-15,40,2,0,2,0,2,0,1,52,7.7,643,12:08
326,Jamie Masters\masteja01,1976,1979,3,NHL,33,1,13,14,-10,2,0,1,0,0,5,8,0,33,3,,
327,Stephane Matteau\mattest01,1996,1997,2,NHL,120,23,33,56,7,115,17,4,2,4,28,4,1,168,13.7,,
328,Bryan Maxwell\maxwebr01,1980,1981,2,NHL,97,4,21,25,-6,249,4,0,0,0,21,0,0,69,5.8,,
329,Jamal Mayers\mayerja01,1997,2008,10,NHL,595,71,87,158,-78,756,64,0,7,7,81,2,4,940,7.6,7506,12:45
330,Chris McAlpine\mcalpch01,1997,2000,4,NHL,141,5,9,14,3,124,5,0,0,0,9,0,0,119,4.2,901,12:31
331,Dean McAmmond\mcammde01,2006,2006,1,NHL,78,15,22,37,-25,32,11,4,0,0,12,10,0,116,12.9,1251,16:02
332,Jay McClement\mccleja01,2006,2011,6,NHL,449,52,104,156,-60,180,47,2,3,11,90,10,4,625,8.3,6879,15:19
333,Bob McCord\mccorbo01,1973,1973,1,NHL,43,1,13,14,-5,33,1,0,0,0,12,1,0,41,2.4,,
334,Bill McCreary\mccrebi01,1968,1971,4,NHL,282,50,57,107,17,104,34,7,9,7,44,10,3,547,9.1,,
335,Jim McCrimmon\mccriji01,1975,1975,1,NHL,2,0,0,0,0,0,0,0,0,0,0,0,0,0,,,
336,Ab McDonald\mcdonab01,1969,1971,3,NHL,152,46,56,102,25,26,33,13,0,8,38,18,0,339,13.6,,
337,Andy McDonald\mcdonan01,2008,2013,6,NHL,294,90,140,230,-19,118,64,24,2,12,79,61,0,752,12,5488,18:40
338,Jay McKee\mckeeja01,2007,2009,3,NHL,158,3,14,17,4,98,3,0,0,3,13,0,1,104,2.9,2841,17:59
339,Tony McKegney\mckegto01,1988,1989,2,NHL,151,65,55,120,9,140,42,20,3,3,39,15,1,395,16.5,,
340,Don McKenney\mckendo01,1968,1968,1,NHL,39,9,20,29,1,4,8,1,0,1,13,7,0,93,9.7,,
341,Steve McLaren\mclarst01,2004,2004,1,NHL,6,0,0,0,0,25,0,0,0,0,0,0,0,2,0,17,2:47
342,Basil McRae\mcraeba01,1993,1996,4,NHL,112,3,11,14,-21,313,2,1,0,0,11,0,0,64,4.7,,
343,Philip McRae\mcraeph01,2011,2011,1,NHL,15,1,2,3,-10,2,1,0,0,0,2,0,0,13,7.7,136,9:02
344,Gord McTavish\mctavgo01,1979,1979,1,NHL,1,0,0,0,-2,0,0,0,0,0,0,0,0,1,0,,
345,Rick Meagher\meaghri01,1986,1991,6,NHL,413,73,88,161,7,264,58,2,13,9,82,3,3,621,11.8,,
346,Wade Megan\meganwa01,2017,2018,2,NHL,4,1,0,1,1,0,1,0,0,0,0,0,0,7,14.3,35,8:41
347,Scott Mellanby\mellasc01,2001,2004,4,NHL,235,62,75,137,-11,370,33,29,0,9,44,31,0,409,15.2,3732,15:53
348,Gerry Melnyk\melnyge01,1968,1968,1,NHL,73,15,35,50,-11,14,11,3,1,3,18,15,2,145,10.3,,
349,Wayne Merrick\merriwa01,1973,1976,4,NHL,209,65,79,144,15,99,58,7,0,7,68,11,0,488,13.3,,
350,Glen Metropolit\metrogl01,2007,2007,1,NHL,20,2,3,5,0,14,1,1,0,0,1,2,0,31,6.5,259,12:58
351,Zbynek Michalek\michazb01,2015,2015,1,NHL,15,2,2,4,3,6,2,0,0,0,2,0,0,19,10.5,294,19:37
352,Joe Micheletti\michejo01,1980,1982,3,NHL,137,9,54,63,4,110,4,5,0,1,28,25,1,200,4.5,,
353,Kevin Miehm\miehmke01,1993,1994,2,NHL,22,1,4,5,-2,8,1,0,0,0,4,0,0,10,10,,
354,Kevin Miller\milleke02,1993,1995,3,NHL,162,49,52,101,16,148,29,14,6,9,38,10,4,326,15,,
355,Tomas Mojzis\mojzito01,2007,2007,1,NHL,6,1,0,1,0,0,1,0,0,0,0,0,0,7,14.3,60,10:03
356,Sergio Momesso\momesse01,1989,1997,4,NHL,222,44,70,114,-8,506,40,4,0,5,58,12,0,381,11.5,,
357,Hartland Monahan\monahha01,1980,1981,2,NHL,97,9,14,23,-20,40,5,1,3,0,14,0,0,125,7.2,,
358,Michel Mongeau\mongemi01,1990,1992,3,NHL,50,5,18,23,3,8,2,3,0,0,9,9,0,38,13.2,,
359,Jim Montgomery\montgji01,1994,1994,1,NHL,67,6,14,20,-1,44,6,0,0,1,12,1,1,67,9,,
360,Dickie Moore*\mooredi01,1968,1968,1,NHL,27,5,3,8,-8,9,4,1,0,1,2,1,0,37,13.5,,
361,George Morrison\morrige01,1971,1972,2,NHL,115,17,21,38,-12,13,12,5,0,2,16,5,0,156,10.9,,
362,Brenden Morrow\morrobr01,2014,2014,1,NHL,71,13,12,25,1,76,9,4,0,3,9,3,0,56,23.2,845,11:54
363,Joe Mullen*\mullejo01,1982,1986,5,NHL,301,151,184,335,-1,45,110,41,0,17,124,60,0,891,16.9,,
364,Bob Murdoch\murdobo02,1979,1979,1,NHL,54,13,13,26,-6,17,12,1,0,3,10,3,0,92,14.1,,
365,Joe Murphy\murphjo01,1997,1998,2,NHL,102,24,34,58,7,91,17,6,1,2,25,8,1,203,11.8,,
366,Mike Murphy\murphmi01,1972,1973,2,NHL,127,38,50,88,9,67,33,5,0,6,38,11,1,358,10.6,,
367,Andrew Murray\murraan01,2013,2013,1,NHL,1,0,0,0,0,0,0,0,0,0,0,0,0,2,0,8,7:49
368,Ladislav Nagy\nagyla01,2000,2001,2,NHL,51,10,12,22,0,22,7,3,0,2,9,3,0,74,13.5,658,12:54
369,Tyson Nash\nashty01,1999,2003,5,NHL,255,24,26,50,15,479,21,1,2,4,25,1,0,325,7.4,2589,10:09
370,Ric Nattress\nattrri01,1986,1987,2,NHL,151,10,42,52,-40,76,7,3,0,2,19,22,1,259,3.9,,
371,Vaclav Nedomansky\nedomva01,1983,1983,1,NHL,22,2,9,11,-8,2,2,0,0,0,4,5,0,35,5.7,,
372,Petr Nedved\nedvepe01,1994,1994,1,NHL,19,6,14,20,2,8,4,2,0,0,9,5,0,63,9.5,,
373,Scott Nichol\nichosc01,2012,2013,2,NHL,110,4,5,9,-7,108,4,0,0,1,4,0,1,80,5,1038,9:26
374,Eric Nickulas\nickuer01,2003,2004,2,NHL,52,7,12,19,-4,50,6,1,0,1,8,4,0,83,8.4,641,12:19
375,Ville Nieminen\niemivi01,2007,2007,1,NHL,14,0,0,0,-1,29,0,0,0,0,0,0,0,13,0,128,9:09
376,Nikita Nikitin\nikitni01,2011,2012,2,NHL,48,1,8,9,-4,14,1,0,0,0,4,4,0,56,1.8,814,16:57
377,Jim Nill\nillji01,1982,1982,1,NHL,61,9,12,21,-13,127,9,0,0,0,12,0,0,65,13.8,,
378,Jordan Nolan\nolanjo01,2019,2019,1,NHL,14,0,2,2,2,14,0,0,0,0,2,0,0,17,0,111,7:56
379,Brian Noonan\noonabr01,1996,1997,2,NHL,94,15,27,42,4,84,11,3,1,6,21,5,1,144,10.4,,
380,Robert Nordmark\nordmro01,1988,1988,1,NHL,67,3,18,21,-6,60,1,2,0,0,6,12,0,78,3.8,,
381,Joe Noris\norisjo01,1973,1973,1,NHL,2,0,0,0,-1,0,0,0,0,0,0,0,0,0,,,
382,Jeff Norton\nortoje01,1995,1996,2,NHL,64,6,25,31,25,59,6,0,0,2,16,9,0,60,10,,
383,Craig Norwich\norwicr01,1981,1981,1,NHL,23,4,12,16,1,14,4,0,0,1,7,5,0,64,6.3,,
384,Lee Norwood\norwole01,1986,1993,3,NHL,147,11,42,53,13,291,6,5,0,2,22,19,1,199,5.5,,
385,Ryan O'Reilly\oreilry01,2019,2019,1,NHL,62,24,39,63,23,10,19,4,1,4,24,13,2,171,14,1295,20:54
386,Danny O'Shea\osheada01,1972,1973,2,NHL,95,15,29,44,-9,41,13,0,2,2,25,2,2,135,11.1,,
387,Kevin O'Shea\osheake01,1972,1973,2,NHL,41,3,5,8,-14,33,3,0,0,0,5,0,0,42,7.1,,
388,Adam Oates*\oatesad01,1990,1992,3,NHL,195,58,228,286,20,71,43,12,3,9,141,85,2,425,13.6,,
389,Jaroslav Obsut\obsutja01,2001,2001,1,NHL,4,0,0,0,1,2,0,0,0,0,0,0,0,3,0,74,18:31
390,Gerry Odrowski\odrowge01,1972,1972,1,NHL,55,1,2,3,-1,8,0,0,1,0,1,0,1,30,3.3,,
391,Brian Ogilvie\ogilvbr01,1975,1979,5,NHL,78,14,19,33,-21,25,11,3,0,2,17,1,1,134,10.4,,
392,Christer Olsson\olssoch01,1996,1997,2,NHL,31,2,9,11,-5,14,0,2,0,0,1,8,0,34,5.9,,
393,Vladimir Orszagh\orszavl01,2006,2006,1,NHL,16,4,5,9,-2,14,3,1,0,0,5,0,0,23,17.4,270,16:52
394,Keith Osborne\osborke01,1990,1990,1,NHL,5,0,2,2,-2,8,0,0,0,0,2,0,0,4,0,,
395,T.J. Oshie\oshietj01,2009,2015,7,NHL,443,110,200,310,71,239,80,23,7,20,126,68,6,929,11.8,8269,18:40
396,Steve Ott\ottst01,2014,2016,3,NHL,122,3,14,17,-23,157,3,0,0,0,14,0,0,98,3.1,1469,12:03
397,Nathan Oystrick\oystrna01,2011,2011,1,NHL,9,1,2,3,1,9,0,1,0,0,2,0,0,11,9.1,110,12:10
398,Magnus Paajarvi\paajama01,2014,2018,5,NHL,189,19,20,39,-11,34,18,1,0,5,19,1,0,266,7.1,2158,11:25
399,Cam Paddock\paddoca01,2009,2009,1,NHL,16,2,1,3,-4,0,2,0,0,0,1,0,0,17,11.8,171,10:41
400,Doug Palazzari\palazdo01,1975,1979,4,NHL,108,18,20,38,-2,23,17,0,1,1,14,6,0,140,12.9,,
401,Justin Papineau\papinju01,2002,2003,2,NHL,12,2,1,3,-3,0,2,0,0,1,1,0,0,15,13.3,130,10:48
402,Colton Parayko\parayco01,2016,2019,4,NHL,304,29,93,122,43,87,16,13,0,8,73,18,2,712,4.1,6513,21:25
403,Michel Parizeau\parizmi01,1972,1972,1,NHL,21,1,2,3,-1,8,1,0,0,0,2,0,0,14,7.1,,
404,Greg Paslawski\paslagr01,1984,1989,6,NHL,330,109,99,208,-5,105,86,21,2,16,74,25,0,763,14.3,,
405,Larry Patey\pateyla01,1976,1984,9,NHL,603,123,136,259,-89,524,96,5,22,15,128,4,4,928,13.3,,
406,Craig Patrick*\patricr01,1975,1975,1,NHL,43,6,9,15,6,6,6,0,0,2,8,1,0,58,10.3,,
407,Glenn Patrick\patrigl01,1974,1974,1,NHL,1,0,0,0,-1,2,0,0,0,0,0,0,0,0,,,
408,Jim Pavese\pavesji01,1982,1988,7,NHL,263,10,34,44,-55,485,9,1,0,2,32,1,1,165,6.1,,
409,Rob Pearson\pearsro01,1996,1997,2,NHL,45,7,6,13,-1,91,6,1,0,1,5,1,0,65,10.8,,
410,Scott Pellerin\pellesc01,1997,2004,5,NHL,296,44,67,111,33,189,33,1,10,8,61,2,4,431,10.2,2595,16:01
411,Mike Peluso\pelusmi01,1997,1997,1,NHL,44,2,3,5,0,158,2,0,0,0,3,0,0,23,8.7,,
412,Joel Perrault\perrajo01,2007,2007,1,NHL,11,0,0,0,-4,0,0,0,0,0,0,0,0,13,0,91,8:19
413,David Perron\perroda01,2008,2019,8,NHL,467,119,160,279,46,322,90,26,3,16,111,46,3,858,13.9,7559,16:11
414,Ricard Persson\perssri01,1997,2000,4,NHL,149,5,28,33,0,177,4,1,0,0,25,3,0,150,3.3,1587,16:42
415,Robert Petrovicky\petroro01,1997,1997,1,NHL,44,7,12,19,2,10,7,0,0,1,11,1,0,54,13,,
416,Jorgen Pettersson\pettejo01,1981,1985,5,NHL,365,161,171,332,5,105,120,38,3,21,126,44,1,983,16.4,,
417,Michel Picard\picarmi01,1998,1999,2,NHL,61,12,19,31,8,45,12,0,0,2,18,1,0,88,13.6,645,14:20
418,Noel Picard\picarno01,1968,1973,6,NHL,279,12,46,58,14,538,11,1,0,3,38,6,2,467,2.6,,
419,Roger Picard\picarro01,1968,1968,1,NHL,15,2,2,4,-3,21,2,0,0,0,2,0,0,45,4.4,,
420,Dave Pichette\picheda01,1984,1984,1,NHL,23,0,11,11,-4,6,0,0,0,0,5,6,0,37,0,,
421,Alex Pietrangelo\pietral01,2009,2019,11,NHL,668,89,295,384,66,219,62,27,0,21,195,94,6,1523,5.8,16477,24:40:00
422,Rich Pilon\pilonri01,2002,2002,1,NHL,8,0,2,2,-1,9,0,0,0,0,2,0,0,3,0,102,12:45
423,Barclay Plager\plageba01,1968,1977,10,NHL,614,44,187,231,61,1115,32,9,3,6,140,36,11,830,5.3,,
424,Bill Plager\plagebi01,1969,1972,4,NHL,127,2,18,20,-20,141,2,0,0,1,16,1,1,120,1.7,,
425,Bob Plager\plagebo01,1968,1978,11,NHL,616,20,121,141,29,760,18,0,2,4,101,15,5,713,2.8,,
426,Pierre Plante\plantpi01,1973,1977,5,NHL,357,104,112,216,-17,420,83,21,0,13,97,15,0,650,16,,
427,Adrien Plavsic\plavsad01,1990,1990,1,NHL,4,0,1,1,3,2,0,0,0,0,1,0,0,1,0,,
428,Steve Poapst\poapsst01,2006,2006,1,NHL,41,0,1,1,-21,37,0,0,0,0,1,0,0,19,0,641,15:38
429,Shjon Podein\podeish01,2002,2003,2,NHL,91,6,10,16,9,30,5,1,0,0,8,1,1,76,7.9,1090,11:59
430,Rudy Poeschek\poescru01,1998,2000,3,NHL,78,1,7,8,-8,121,1,0,0,0,7,0,0,45,2.2,299,10:40
431,John Pohl\pohljo01,2004,2004,1,NHL,1,0,0,0,-2,0,0,0,0,0,0,0,0,1,0,8,8:18
432,Roman Polak\polakro01,2007,2014,8,NHL,424,13,66,79,-7,319,13,0,0,4,59,5,2,425,3.1,8055,19:00
433,Greg Polis\polisgr01,1974,1974,1,NHL,37,8,12,20,-7,24,8,0,0,0,9,3,0,122,6.6,,
434,Jame Pollock\polloja01,2004,2004,1,NHL,9,0,0,0,-1,6,0,0,0,0,0,0,0,19,0,139,15:25
435,Chris Porter\portech01,2009,2015,6,NHL,173,11,16,27,-7,33,11,0,0,5,16,0,0,217,5.1,1814,10:29
436,Mike Posavad\posavmi01,1986,1987,2,NHL,8,0,0,0,0,0,0,0,0,0,0,0,0,2,0,,
437,Vitali Prokhorov\prokhvi01,1993,1995,3,NHL,83,19,11,30,-9,35,16,3,0,2,11,0,0,106,17.9,,
438,Chris Pronger*\prongch01,1996,2004,9,NHL,598,84,272,356,140,931,43,39,2,12,128,133,11,1333,6.3,10459,29:03:00
439,Nate Prosser\prossna01,2018,2018,1,NHL,1,0,0,0,0,0,0,0,0,0,0,0,0,0,,15,15:23
440,Dan Quinn\quinnda01,1991,1991,1,NHL,14,4,7,11,-5,20,0,4,0,2,4,3,0,26,15.4,,
441,Stephane Quintal\quintst01,1992,1993,2,NHL,101,1,16,17,-9,132,0,0,1,0,13,1,2,100,1,,
442,Herb Raglan\raglahe01,1986,1991,6,NHL,235,26,39,65,-13,571,26,0,0,4,39,0,0,285,9.1,,
443,Rob Ramage\ramagro01,1983,1988,6,NHL,441,67,229,296,-45,898,31,36,0,11,114,111,4,1421,4.7,,
444,Ty Rattie\rattity01,2014,2017,4,NHL,30,4,4,8,-1,6,4,0,0,0,4,0,0,29,13.8,272,9:05
445,Marty Reasoner\reasoma01,1999,2001,3,NHL,95,17,30,47,6,42,13,4,0,0,14,15,1,149,11.4,1371,14:26
446,Ryan Reaves\reavery01,2011,2017,7,NHL,419,27,24,51,-4,695,27,0,0,5,24,0,0,241,11.2,3354,8:00
447,Wade Redden\reddewa01,2013,2013,1,NHL,23,2,3,5,-2,11,2,0,0,0,3,0,0,23,8.7,345,14:59
448,Dick Redmond\redmodi01,1978,1978,1,NHL,28,4,11,15,-14,16,4,0,0,0,4,7,0,92,4.3,,
449,Mark Reeds\reedsma01,1982,1987,6,NHL,320,45,105,150,9,98,39,4,2,7,99,5,1,429,10.5,,
450,Steve Regier\regiest01,2009,2009,1,NHL,8,3,1,4,-1,4,1,2,0,0,1,0,0,11,27.3,88,10:59
451,Mitch Reinke\reinkmi01,2018,2018,1,NHL,1,0,0,0,0,0,0,0,0,0,0,0,0,1,0,13,13:05
452,Todd Reirden\reirdto01,2000,2001,2,NHL,94,6,25,31,16,75,5,1,0,1,18,7,0,135,4.4,1665,17:43
453,Pascal Rheaume\rheaupa01,1998,2004,5,NHL,148,19,31,50,8,74,14,5,0,0,29,2,0,174,10.9,1223,12:14
454,Ken Richardson\richake01,1975,1979,3,NHL,49,8,13,21,3,16,7,1,0,1,12,1,0,46,17.4,,
455,Stephane Richer\richest02,2000,2000,1,NHL,36,8,17,25,7,14,4,4,0,1,12,5,0,63,12.7,484,13:27
456,Dave Richter\richtda01,1989,1990,2,NHL,68,1,5,6,-23,99,1,0,0,0,5,0,0,26,3.8,,
457,Jamie Rivers\riverja01,1996,2007,5,NHL,184,7,17,24,-10,127,3,4,0,1,11,5,1,162,4.3,1516,14:10
458,Wayne Rivers\riverwa01,1968,1968,1,NHL,22,4,4,8,-2,8,3,1,0,0,3,1,0,53,7.5,,
459,Andy Roach\roachan01,2006,2006,1,NHL,5,1,2,3,0,10,0,1,0,0,0,2,0,2,50,72,14:20
460,Phil Roberto\roberph01,1972,1975,4,NHL,148,33,38,71,-21,187,31,2,0,5,33,4,1,464,7.1,,
461,David Roberts\roberda01,1994,1996,3,NHL,48,7,11,18,-5,24,3,4,0,3,7,4,0,77,9.1,,
462,Gordie Roberts\robergo02,1988,1991,4,NHL,166,6,42,48,-6,263,6,0,0,0,37,4,1,120,5,,
463,Jimmy Roberts\roberji01,1968,1978,6,NHL,395,63,94,157,21,322,49,9,5,7,66,22,6,699,9,,
464,Rob Robinson\robinro01,1992,1992,1,NHL,22,0,1,1,-4,8,0,0,0,0,1,0,0,9,0,,
465,Cliff Ronning\ronnicl01,1987,1991,4,NHL,180,54,71,125,11,46,30,24,0,6,37,34,0,335,16.1,,
466,Bill Root\rootbi01,1988,1988,1,NHL,9,0,0,0,-7,6,0,0,0,0,0,0,0,6,0,,
467,Derek Roy\royde01,2014,2014,1,NHL,75,9,28,37,-1,30,5,4,0,2,16,12,0,114,7.9,1022,13:37
468,Martin Rucinsky\rucinma01,2003,2008,3,NHL,153,33,46,79,-13,126,20,9,4,6,34,11,1,298,11.1,2502,16:21
469,Jason Ruff\ruffja01,1993,1993,1,NHL,7,2,1,3,-1,8,1,1,0,1,1,0,0,7,28.6,,
470,Darren Rumble\rumblda01,2001,2001,1,NHL,12,0,4,4,7,27,0,0,0,0,1,1,2,11,0,219,18:13
471,Kris Russell\russekr01,2012,2013,2,NHL,76,5,11,16,19,21,4,1,0,1,10,1,0,77,6.5,1255,16:30
472,Mark Rycroft\rycroma01,2002,2006,3,NHL,160,15,19,34,-12,82,14,0,1,2,18,1,0,201,7.5,1945,12:09
473,Gary Sabourin\sabouga01,1968,1974,7,NHL,463,136,131,267,19,334,111,23,2,21,106,25,0,1354,10,,
474,Larry Sacharuk\sachala01,1975,1975,1,NHL,76,20,22,42,-9,24,9,11,0,1,15,7,0,205,9.8,,
475,Bryce Salvador\salvabr01,2001,2008,7,NHL,447,16,47,63,-15,413,14,2,0,5,43,2,2,322,5,8189,18:19
476,Derek Sanderson\sandede01,1976,1977,2,NHL,97,32,56,88,5,85,32,0,0,3,35,18,3,224,14.3,,
477,Zach Sanford\sanfoza01,2017,2019,2,NHL,56,9,10,19,8,23,9,0,0,3,10,0,0,72,12.5,712,12:43
478,Glen Sather*\sathegl01,1974,1974,1,NHL,69,15,29,44,-8,82,15,0,0,5,20,9,0,106,14.2,,
479,Brian Savage\savagbr01,2004,2004,1,NHL,13,4,3,7,-3,2,3,1,0,1,1,2,0,23,17.4,211,16:15
480,Kevin Sawyer\sawyeke01,1996,1996,1,NHL,6,0,0,0,-2,23,0,0,0,0,0,0,0,1,0,,
481,Dave Scatchard\scatcda01,2011,2011,1,NHL,8,0,1,1,1,6,0,0,0,0,1,0,0,6,0,38,4:45
482,Brayden Schenn\schenbr01,2018,2019,2,NHL,137,39,70,109,11,86,29,10,0,12,53,17,0,321,12.1,2646,19:19
483,Jordan Schmaltz\schmajo01,2017,2019,3,NHL,42,0,5,5,-7,12,0,0,0,0,4,1,0,21,0,501,11:56
484,Ron Schock\schocro01,1968,1969,2,NHL,122,21,36,57,-13,31,13,8,0,4,32,4,0,275,7.6,,
485,Dwight Schofield\schofdw01,1984,1985,2,NHL,113,5,14,19,-8,400,5,0,0,1,12,2,0,70,7.1,,
486,Jaden Schwartz\schwaja01,2012,2019,8,NHL,429,119,180,299,77,113,91,24,4,15,147,31,2,960,12.4,7560,17:37
487,Rod Seiling\seiliro01,1977,1979,3,NHL,160,4,38,42,-47,80,2,2,0,1,31,5,2,251,1.6,,
488,Peter Sejna\sejnape01,2003,2007,4,NHL,49,7,4,11,-6,12,4,3,0,0,2,2,0,82,8.5,605,12:21
489,Brit Selby\selbybr01,1971,1972,2,NHL,59,1,4,5,-13,31,1,0,0,0,3,1,0,40,2.5,,
490,Konstantin Shafranov\shafrko01,1997,1997,1,NHL,5,2,1,3,1,0,2,0,0,0,1,0,0,8,25,,
491,Brendan Shanahan*\shanabr01,1992,1995,4,NHL,277,156,150,306,5,692,95,52,9,24,82,66,2,997,15.6,,
492,Kevin Shattenkirk\shattke01,2011,2017,7,NHL,425,59,199,258,24,274,27,32,0,10,99,97,3,921,6.4,9043,21:17
493,Brad Shaw\shawbr01,1999,1999,1,NHL,12,0,0,0,0,4,0,0,0,0,0,0,0,10,0,148,12:21
494,Rick Shinske\shinsri01,1979,1979,1,NHL,11,0,4,4,-3,2,0,0,0,0,4,0,0,7,0,,
495,Jim Shires\shireji01,1972,1972,1,NHL,17,0,3,3,-13,8,0,0,0,0,2,1,0,14,0,,
496,Timofei Shishkanov\shishti01,2006,2006,1,NHL,22,3,2,5,-1,6,3,0,0,0,2,0,0,26,11.5,186,8:28
497,Mike Sillinger\sillimi01,2004,2006,2,NHL,64,27,24,51,-13,63,14,11,2,1,10,14,0,171,15.8,1267,19:48
498,Bobby Simpson\simpsbo01,1980,1980,1,NHL,18,2,2,4,-2,0,2,0,0,0,1,1,0,20,10,,
499,Reid Simpson\simpsre01,2001,2001,1,NHL,38,2,1,3,-3,96,2,0,0,1,1,0,0,23,8.7,264,6:57
500,Randy Skarda\skardra01,1990,1992,2,NHL,26,0,5,5,2,11,0,0,0,0,5,0,0,8,0,,
501,Rick Smith\smithri01,1976,1977,2,NHL,42,1,8,9,-2,24,1,0,0,0,5,2,1,43,2.3,,
502,Peter Smrek\smrekpe01,2001,2001,1,NHL,6,2,0,2,1,2,2,0,0,1,0,0,0,5,40,78,13:01
503,John Smrke\smrkejo01,1978,1979,2,NHL,73,8,12,20,-31,31,7,0,1,0,10,1,1,92,8.7,,
504,Harold Snepsts\snepsha01,1990,1991,2,NHL,61,1,5,6,-1,60,1,0,0,1,4,0,1,35,2.9,,
505,Vladimir Sobotka\sobotvl01,2011,2018,6,NHL,329,41,92,133,12,268,35,3,3,8,74,17,1,501,8.2,5375,16:20
506,Nikita Soshnikov\soshnni01,2018,2019,2,NHL,17,1,1,2,-1,4,1,0,0,0,1,0,0,18,5.6,170,9:59
507,Frank Spring\sprinfr01,1974,1975,2,NHL,5,0,0,0,-1,0,0,0,0,0,0,0,0,5,0,,
508,Frank St. Marseille\stmarfr01,1968,1973,6,NHL,403,86,171,257,31,120,75,11,0,11,124,47,0,1035,8.3,,
509,Myron Stankiewicz\stankmy01,1969,1969,1,NHL,16,0,2,2,-1,11,0,0,0,0,2,0,0,17,0,,
510,Paul Stastny\stastpa01,2015,2018,4,NHL,267,56,119,175,7,116,39,17,0,15,88,30,1,493,11.4,4971,18:37
511,Peter Stastny*\stastpe01,1994,1995,2,NHL,23,6,12,18,-1,4,4,2,0,1,6,6,0,39,15.4,,
512,Yan Stastny\stastya01,2008,2010,3,NHL,50,5,5,10,-13,29,5,0,0,0,4,0,1,47,10.6,603,12:04
513,Alex Steen\steenal01,2009,2019,11,NHL,691,185,287,472,40,334,135,42,8,35,180,104,3,1758,10.5,12972,18:46
514,Lee Stempniak\stemple01,2006,2009,4,NHL,233,57,73,130,-15,97,41,16,0,9,47,25,1,471,12.1,3569,15:19
515,Brett Sterling\sterlbr01,2012,2012,1,NHL,4,0,0,0,-1,0,0,0,0,0,0,0,0,5,0,30,7:34
516,Scott Stevens*\stevesc01,1991,1991,1,NHL,78,5,44,49,23,150,4,1,0,1,25,18,1,160,3.1,,
517,Bill Stewart\stewabi01,1981,1983,3,NHL,89,2,26,28,13,147,2,0,0,0,22,2,2,88,2.3,,
518,Bob Stewart\stewabo01,1979,1980,2,NHL,88,5,14,19,-28,51,4,1,0,0,14,0,0,64,7.8,,
519,Chris Stewart\stewach02,2011,2014,4,NHL,211,63,52,115,7,276,45,18,0,9,40,12,0,437,14.4,3248,15:24
520,Ron Stewart\stewaro01,1968,1968,1,NHL,19,7,5,12,-7,11,7,0,0,2,2,3,0,69,10.1,,
521,Cory Stillman\stillco01,2001,2003,3,NHL,171,50,69,119,18,98,35,15,0,8,47,20,2,323,15.5,2876,16:49
522,Tyson Strachan\stracty01,2009,2011,3,NHL,67,0,6,6,1,82,0,0,0,0,6,0,0,56,0,867,12:57
523,Mike Stuart\stuarmi01,2004,2006,2,NHL,3,0,0,0,0,0,0,0,0,0,0,0,0,1,0,32,10:40
524,Bob Stumpf\stumpbo01,1975,1975,1,NHL,7,1,1,2,2,16,1,0,0,0,1,0,0,8,12.5,,
525,Oskar Sundqvist\sundqos01,2018,2019,2,NHL,96,12,16,28,-1,32,11,0,1,2,15,1,0,122,9.8,1145,11:56
526,Bill Sutherland\suthebi01,1971,1972,2,NHL,77,21,23,44,6,43,21,0,0,3,13,7,3,113,18.6,,
527,Brian Sutter\suttebr01,1977,1988,12,NHL,779,303,333,636,-66,1786,193,107,3,29,244,85,4,1685,18,,
528,Rich Sutter\sutteri01,1990,1993,4,NHL,250,40,41,81,7,351,35,0,5,6,36,0,5,413,9.7,,
529,Ron Sutter\suttero01,1992,1994,3,NHL,163,37,54,91,-3,236,23,10,4,6,39,13,2,238,15.5,,
530,Ken Sutton\suttoke01,1996,1996,1,NHL,6,0,0,0,-1,4,0,0,0,0,0,0,0,3,0,,
531,Darryl Sydor\sydorda01,2010,2010,1,NHL,47,0,8,8,-6,15,0,0,0,0,7,1,0,26,0,785,16:42
532,Jean-Guy Talbot\talboje01,1968,1971,4,NHL,172,7,23,30,25,72,6,0,1,1,19,4,0,159,4.4,,
533,Vladimir Tarasenko\tarasvl01,2013,2019,7,NHL,482,205,198,403,69,145,151,54,0,34,142,56,0,1578,13,8496,17:38
534,Patrice Tardif\tardipa01,1995,1996,2,NHL,50,6,10,16,2,41,5,1,0,1,8,2,0,67,9,,
535,Robert Thomas\thomaro01,2019,2019,1,NHL,50,5,15,20,-6,10,4,1,0,0,12,3,0,54,9.3,620,12:24
536,Dave Thomlinson\thomlda01,1990,1991,2,NHL,22,1,2,3,-7,12,1,0,0,0,2,0,0,17,5.9,,
537,Tage Thompson\thompta01,2018,2018,1,NHL,41,3,6,9,-12,12,3,0,0,0,5,1,0,55,5.5,489,11:55
538,Floyd Thomson\thomsfl01,1972,1980,8,NHL,411,56,97,153,-25,341,54,1,1,7,92,3,2,537,10.4,,
539,Chris Thorburn\thorbch01,2018,2019,2,NHL,51,1,6,7,-4,60,1,0,0,0,6,0,0,35,2.9,354,6:56
540,Esa Tikkanen\tikkaes01,1995,1996,2,NHL,54,13,27,40,14,40,5,5,3,1,16,10,1,126,10.3,,
541,Tom Tilley\tilleto01,1989,1994,4,NHL,174,4,38,42,19,89,4,0,0,0,30,7,1,165,2.4,,
542,Keith Tkachuk\tkachke01,2001,2010,9,NHL,543,208,219,427,0,677,111,96,1,29,157,61,1,1478,14.1,9658,17:47
543,Larry Trader\tradela01,1987,1988,2,NHL,6,0,0,0,-6,10,0,0,0,0,0,0,0,4,0,,
544,Dan Trebil\trebida01,2001,2001,1,NHL,10,0,0,0,1,0,0,0,0,0,0,0,0,9,0,142,14:14
545,Rob Tudor\tudorro01,1983,1983,1,NHL,2,0,0,0,0,0,0,0,0,0,0,0,0,0,,,
546,Darren Turcotte\turcoda01,1998,1998,1,NHL,62,12,6,18,6,26,9,3,0,1,4,1,1,75,16,,
547,Pierre Turgeon\turgepi01,1997,2001,5,NHL,327,134,221,355,65,117,94,40,0,25,139,80,2,837,16,3767,19:02
548,Perry Turnbull\turnbpe01,1980,1988,6,NHL,396,139,99,238,-20,829,123,16,0,11,84,15,0,915,15.2,,
549,Steve Tuttle\tuttlst01,1989,1991,3,NHL,144,28,28,56,-1,12,25,1,2,4,24,2,2,190,14.7,,
550,Tony Twist\twistto01,1990,1999,6,NHL,294,10,11,21,-15,688,10,0,0,2,11,0,0,83,12,326,5:10
551,Garry Unger\ungerga01,1971,1979,9,NHL,662,292,283,575,-113,744,210,79,3,40,192,88,3,2469,11.8,,
552,Scottie Upshall\upshasc01,2016,2018,3,NHL,206,23,28,51,3,135,21,0,2,4,25,0,3,269,8.6,2252,10:56
553,Mike Van Ryn\vanrymi01,2001,2003,3,NHL,69,2,11,13,11,26,2,0,0,1,10,1,0,74,2.7,1101,15:58
554,Sergei Varlamov\varlase01,2002,2003,2,NHL,55,5,7,12,5,26,5,0,0,0,7,0,0,88,5.7,615,11:11
555,Alexander Vasilevski\vasilal01,1996,1997,2,NHL,4,0,0,0,-2,2,0,0,0,0,0,0,0,3,0,,
556,Gary Veneruzzo\venerga01,1968,1972,2,NHL,7,1,1,2,0,0,1,0,0,0,1,0,0,7,14.3,,
557,Jim Vesey\veseyji01,1989,1990,2,NHL,11,1,2,3,-4,7,1,0,0,0,2,0,0,8,12.5,,
558,Alain Vigneault\vigneal01,1982,1983,2,NHL,42,2,5,7,-5,82,2,0,0,0,5,0,0,22,9.1,,
559,Roman Vopat\vopatro01,1996,1996,1,NHL,25,2,3,5,-8,48,1,1,0,1,3,0,0,33,6.1,,
560,Steve Wagner\wagnest01,2008,2009,2,NHL,46,4,8,12,-9,26,3,1,0,0,5,3,0,41,9.8,787,17:07
561,Matt Walker\walkema01,2003,2008,5,NHL,175,1,10,11,-3,275,1,0,0,0,10,0,0,161,0.6,2523,14:25
562,Bob Wall\wallbo01,1971,1971,1,NHL,25,2,4,6,0,4,1,1,0,0,4,0,0,29,6.9,,
563,Mike Walton\waltomi01,1979,1979,1,NHL,22,7,11,18,-13,6,7,0,0,0,6,5,0,41,17.1,,
564,Bryan Watson\watsobr01,1974,1974,1,NHL,11,0,1,1,0,19,0,0,0,0,1,0,0,10,0,,
565,Mike Weaver\weavemi01,2009,2010,2,NHL,135,1,16,17,7,41,1,0,0,0,14,0,2,69,1.4,2307,17:05
566,Doug Weight\weighdo01,2002,2008,6,NHL,364,75,220,295,14,247,47,28,0,13,116,101,3,804,9.3,7183,19:44
567,Eric Weinrich\weinrer01,2004,2006,2,NHL,85,3,24,27,-9,58,1,2,0,0,14,10,0,83,3.6,1910,22:28
568,Jay Wells\wellsja01,1996,1996,1,NHL,76,0,3,3,-8,67,0,0,0,0,3,0,0,24,0,,
569,Jeremy Welsh\welshje01,2016,2016,1,NHL,2,0,0,0,0,2,0,0,0,0,0,0,0,0,,17,8:19
570,John Wensink\wensijo01,1974,1974,1,NHL,3,0,0,0,0,0,0,0,0,0,0,0,0,0,,,
571,Don Wheldon\whelddo01,1975,1975,1,NHL,2,0,0,0,0,0,0,0,0,0,0,0,0,0,,,
572,Rob Whistle\whistro01,1988,1988,1,NHL,19,3,3,6,0,6,3,0,0,1,3,0,0,17,17.6,,
573,Trent Whitfield\whitftr01,2006,2009,2,NHL,33,2,6,8,-1,14,1,1,0,0,5,1,0,45,4.4,391,11:51
574,Doug Wickenheiser\wickedo01,1984,1987,4,NHL,230,51,67,118,8,108,41,6,4,7,50,13,4,456,11.2,,
575,Dennis Wideman\widemde01,2006,2007,2,NHL,122,13,33,46,-38,127,3,9,1,2,13,20,0,244,5.3,2564,21:01
576,Butch Williams\willibu02,1974,1974,1,NHL,31,3,10,13,2,6,3,0,0,0,10,0,0,41,7.3,,
577,Bert Wilson\wilsobe01,1976,1976,1,NHL,45,2,3,5,-6,47,2,0,0,1,3,0,0,25,8,,
578,Rick Wilson\wilsori01,1975,1976,2,NHL,141,3,11,14,2,103,2,1,0,0,11,0,0,106,2.8,,
579,Rik Wilson\wilsori02,1982,1986,5,NHL,235,21,60,81,-6,214,14,7,0,3,45,14,1,374,5.6,,
580,Ron Wilson\wilsoro03,1990,1993,4,NHL,248,33,72,105,6,167,19,7,7,5,50,9,13,316,10.4,,
581,Brad Winchester\winchbr01,2009,2011,3,NHL,185,25,18,43,-7,283,16,9,0,4,14,4,0,218,11.5,1957,10:35
582,Jeff Woywitka\woywije01,2006,2009,4,NHL,152,6,29,35,2,106,4,2,0,1,23,6,0,147,4.1,2413,15:53
583,Andy Wozniewski\woznian01,2009,2009,1,NHL,1,0,0,0,0,0,0,0,0,0,0,0,0,0,,7,6:44
584,John Wright\wrighjo01,1974,1974,1,NHL,32,3,6,9,-2,22,3,0,0,0,6,0,0,44,6.8,,
585,Jeremy Yablonski\yabloje01,2004,2004,1,NHL,1,0,0,0,-1,5,0,0,0,0,0,0,0,1,0,8,7:53
586,Terry Yake\yakete01,1998,2000,3,NHL,151,23,42,65,-6,94,14,8,1,10,26,16,0,145,15.9,1250,14:32
587,Nail Yakupov\yakupna01,2017,2017,1,NHL,40,3,6,9,-3,14,3,0,0,0,6,0,0,35,8.6,426,10:39
588,Trent Yawney\yawnetr01,1997,1997,1,NHL,39,0,2,2,2,17,0,0,0,0,1,0,1,8,0,,
589,Harry York\yorkha01,1997,1998,2,NHL,132,18,24,42,1,55,14,3,1,3,22,2,0,128,14.1,,
590,Scott Young\youngsc01,1999,2006,5,NHL,377,125,129,254,14,153,78,43,4,20,64,64,1,1264,9.9,6606,17:31
591,Libor Zabransky\zabrali01,1997,1998,2,NHL,40,1,6,7,-4,50,1,0,0,1,5,1,0,28,3.6,,
592,Joe Zanussi\zanusjo01,1977,1977,1,NHL,11,0,3,3,-6,4,0,0,0,0,1,2,0,11,0,,
593,Peter Zezel\zezelpe01,1989,1997,4,NHL,217,54,105,159,-6,81,39,14,1,9,57,47,1,409,13.2,,
594,Mike Zigomanis\zigommi01,2006,2006,1,NHL,2,0,0,0,0,0,0,0,0,0,0,0,0,1,0,15,7:39
595,Rick Zombo\zombori01,1992,1995,4,NHL,232,6,42,48,-6,233,6,0,0,1,36,3,3,161,3.7,,
596,Mike Zuke\zukemi01,1979,1983,5,NHL,296,76,159,235,-17,160,53,20,3,5,89,69,1,614,12.4,,
